L,cols,rows,nHoles,sPos,P,k,nWalls,E,nWps,seed,D,T
1,3,3,0,corner,0,0,0,0,0,1001,3.00,6.3
2,4,4,1,corner,0,1,0,0,0,1002,6.10,11.8
3,4,5,1,corner,0,1,0,0,0,1003,7.43,14.6
4,4,4,1,edge,1,10,0,0,0,1004,10.00,16.5
5,4,5,1,edge,1,10,0,0,0,1005,11.33,19.3
6,4,5,2,edge,1,10,0,0,0,1006,12.00,19.8
7,5,5,2,edge,1,10,0,0,0,1007,13.67,23.3
8,5,5,3,edge,1,10,0,0,0,1008,14.33,23.8
9,5,5,3,inner,1,10,0,0,0,1009,16.33,26.2
10,5,5,4,inner,1,10,0,0,0,1010,17.00,26.7
11,5,5,2,edge,1,10,0,0,0,1011,13.67,23.3
12,5,5,3,edge,1,10,0,0,0,1012,14.33,23.8
13,5,6,2,edge,1,10,0,0,0,1013,15.33,26.8
14,5,6,3,edge,1,10,0,0,0,1014,16.00,27.3
15,5,6,4,edge,1,10,0,0,0,1015,16.67,27.8
16,5,6,2,inner,1,10,0,0,0,1016,17.33,29.2
17,5,6,3,inner,1,10,0,0,0,1017,18.00,29.7
18,5,6,4,inner,1,10,0,0,0,1018,18.67,30.2
19,5,6,5,inner,1,10,0,0,0,1019,19.33,30.7
20,5,6,6,inner,1,10,0,0,0,1020,20.00,31.2
21,5,6,3,edge,1,10,0,0,0,1021,16.00,27.3
22,6,6,2,edge,1,10,0,0,0,1022,17.33,31.0
23,6,6,3,edge,1,10,0,0,0,1023,18.00,31.5
24,6,6,3,inner,1,10,0,0,0,1024,20.00,33.9
25,6,6,4,inner,1,10,0,0,0,1025,20.67,34.4
26,6,6,5,inner,1,10,0,0,0,1026,21.33,34.9
27,6,6,6,inner,1,10,0,0,0,1027,22.00,35.4
28,6,6,7,inner,1,10,0,0,0,1028,22.67,35.9
29,6,6,8,inner,1,10,0,0,0,1029,23.33,36.4
30,6,6,9,inner,1,10,0,0,0,1030,24.00,36.9
31,6,6,3,edge,1,10,2,0,0,1031,20.00,33.9
32,6,6,3,edge,1,10,2,0,0,1032,20.00,33.9
33,6,6,4,edge,1,10,2,0,0,1033,20.67,34.4
34,6,6,4,edge,1,10,2,0,0,1034,20.67,34.4
35,6,6,4,inner,1,10,3,0,0,1035,23.67,38.0
36,6,6,5,inner,1,10,3,0,0,1036,24.33,38.5
37,6,6,5,inner,1,10,3,0,0,1037,24.33,38.5
38,6,6,5,inner,1,10,4,0,0,1038,25.33,39.7
39,6,6,6,inner,1,10,4,0,0,1039,26.00,40.2
40,6,6,6,inner,1,10,4,0,0,1040,26.00,40.2
41,7,7,3,edge,1,10,2,0,0,1041,24.33,43.0
42,7,7,4,edge,1,10,2,0,0,1042,25.00,43.5
43,7,7,4,edge,1,10,3,0,0,1043,26.00,44.7
44,7,7,4,inner,1,10,3,0,0,1044,28.00,47.1
45,7,7,5,inner,1,10,3,0,0,1045,28.67,47.6
46,7,7,5,inner,1,10,4,0,0,1046,29.67,48.8
47,7,7,6,inner,1,10,4,0,0,1047,30.33,49.3
48,7,7,6,inner,1,10,5,0,0,1048,31.33,50.5
49,7,7,7,inner,1,10,5,0,0,1049,32.00,51.0
50,7,7,7,inner,1,10,6,0,0,1050,33.00,52.2
51,7,7,5,inner,1,10,4,0,0,1051,29.67,48.8
52,7,7,5,inner,1,10,5,0,0,1052,30.67,50.0
53,7,7,6,inner,1,10,5,0,0,1053,31.33,50.5
54,7,7,6,inner,1,10,6,0,0,1054,32.33,51.7
55,7,7,6,inner,1,10,6,0,0,1055,32.33,51.7
56,7,7,7,inner,1,10,6,0,0,1056,33.00,52.2
57,7,7,7,inner,1,10,7,0,0,1057,34.00,53.4
58,7,7,7,inner,1,10,7,0,0,1058,34.00,53.4
59,7,7,8,inner,1,10,8,0,0,1059,35.67,55.1
60,7,7,8,inner,1,10,8,0,0,1060,35.67,55.1
61,7,7,3,edge,1,10,2,1,0,1061,32.33,52.6
62,7,7,3,edge,1,10,2,1,0,1062,32.33,52.6
63,7,7,4,edge,1,10,2,1,0,1063,33.00,53.1
64,7,7,4,inner,1,10,3,1,0,1064,36.00,56.7
65,7,7,4,inner,1,10,3,1,0,1065,36.00,56.7
66,7,7,5,inner,1,10,3,1,0,1066,36.67,57.2
67,7,7,5,inner,1,10,4,1,0,1067,37.67,58.4
68,7,7,5,inner,1,10,4,1,0,1068,37.67,58.4
69,7,7,6,inner,1,10,4,1,0,1069,38.33,58.9
70,7,7,6,inner,1,10,5,1,0,1070,39.33,60.1
71,7,7,5,inner,1,10,4,1,0,1071,37.67,58.4
72,7,7,5,inner,1,10,5,1,0,1072,38.67,59.6
73,7,7,6,inner,1,10,5,1,0,1073,39.33,60.1
74,7,7,6,inner,1,10,6,1,0,1074,40.33,61.3
75,7,7,6,inner,1,10,6,1,0,1075,40.33,61.3
76,7,7,7,inner,1,10,6,1,0,1076,41.00,61.8
77,7,7,7,inner,1,10,7,1,0,1077,42.00,63.0
78,7,7,7,inner,1,10,7,1,0,1078,42.00,63.0
79,7,7,8,inner,1,10,8,1,0,1079,43.67,64.7
80,7,7,8,inner,1,10,8,1,0,1080,43.67,64.7
81,7,7,6,inner,1,10,4,1,2,1081,40.33,61.3
82,7,7,6,inner,1,10,4,1,2,1082,40.33,61.3
83,7,7,6,inner,1,10,5,1,3,1083,42.33,63.7
84,7,7,7,inner,1,10,5,1,3,1084,43.00,64.2
85,7,7,7,inner,1,10,5,1,3,1085,43.00,64.2
86,7,7,7,inner,1,10,6,1,4,1086,45.00,66.6
87,7,7,8,inner,1,10,6,1,4,1087,45.67,67.1
88,7,7,8,inner,1,10,6,1,4,1088,45.67,67.1
89,7,7,8,inner,1,10,7,1,5,1089,47.67,69.5
90,7,7,9,inner,1,10,7,1,5,1090,48.33,70.0
91,7,7,7,inner,1,10,5,1,3,1091,43.00,64.2
92,7,7,7,inner,1,10,5,1,3,1092,43.00,64.2
93,7,7,8,inner,1,10,6,1,3,1093,44.67,65.9
94,7,7,8,inner,1,10,6,1,4,1094,45.67,67.1
95,7,7,8,inner,1,10,6,1,4,1095,45.67,67.1
96,7,7,9,inner,1,10,7,1,4,1096,47.33,68.8
97,7,7,9,inner,1,10,7,1,5,1097,48.33,70.0
98,7,7,9,inner,1,10,7,1,5,1098,48.33,70.0
99,7,7,10,inner,1,10,8,1,5,1099,50.00,71.7
100,7,7,10,inner,1,10,8,1,6,1100,51.00,72.9
101,7,7,8,inner,1,10,6,1,4,1101,45.67,67.1
102,7,7,8,inner,1,10,6,1,4,1102,45.67,67.1
103,7,7,8,inner,1,10,7,1,4,1103,46.67,68.3
104,7,7,9,inner,1,10,7,1,5,1104,48.33,70.0
105,7,7,9,inner,1,10,7,1,5,1105,48.33,70.0
106,7,7,9,inner,1,10,8,1,5,1106,49.33,71.2
107,7,7,10,inner,1,10,8,1,6,1107,51.00,72.9
108,7,7,10,inner,1,10,8,1,6,1108,51.00,72.9
109,7,7,10,inner,1,10,8,1,7,1109,52.00,74.1
110,7,7,10,inner,1,10,8,1,8,1110,53.00,75.3
111,7,7,9,inner,1,10,7,1,5,1111,48.33,70.0
112,7,7,9,inner,1,10,7,1,5,1112,48.33,70.0
113,7,7,9,inner,1,10,8,1,6,1113,50.33,72.4
114,7,7,10,inner,1,10,8,1,6,1114,51.00,72.9
115,7,7,10,inner,1,10,8,1,7,1115,52.00,74.1
116,7,7,10,inner,1,10,8,1,7,1116,52.00,74.1
117,7,7,10,inner,1,10,8,1,8,1117,53.00,75.3
118,7,7,10,inner,1,10,8,1,8,1118,53.00,75.3
119,7,7,10,inner,1,10,8,1,9,1119,54.00,76.5
120,7,7,10,inner,1,10,8,1,10,1120,55.00,77.7
